,customer_id,monthly_income,credit_score,debt_to_income_ratio
customer_id,1.0,-0.018034748160114442,0.018869708170819215,-0.02419408654772519
monthly_income,-0.018034748160114442,1.0,0.027566117514621367,0.00689003422100741
credit_score,0.018869708170819215,0.027566117514621367,1.0,0.041088026576114614
debt_to_income_ratio,-0.02419408654772519,0.00689003422100741,0.041088026576114614,1.0
