,customer_id,monthly_income,credit_score,debt_to_income_ratio
customer_id,1.0,-0.055045744563831364,-0.0009316745717057692,0.002573743398017498
monthly_income,-0.055045744563831364,1.0,-0.03406836480334085,-0.014302536231618977
credit_score,-0.0009316745717057692,-0.03406836480334085,1.0,-0.08194378608756589
debt_to_income_ratio,0.002573743398017498,-0.014302536231618977,-0.08194378608756589,1.0
