,customer_id,monthly_income,credit_score,debt_to_income_ratio
customer_id,1.0,-0.010946212197155369,-0.02212703660735027,0.004952032860657105
monthly_income,-0.010946212197155369,1.0,-0.04905125941410062,-0.04205076458113875
credit_score,-0.02212703660735027,-0.04905125941410062,1.0,-0.034985750828248854
debt_to_income_ratio,0.004952032860657105,-0.04205076458113875,-0.034985750828248854,1.0
